[
  {
    "id": "1752998019719",
    "senderName": "Safar",
    "email": "safarmurodmaster@gmail.com",
    "phone": "+998939530473",
    "message": "ddrghfjgkul",
    "type": "question",
    "createdAt": "2025-07-20T07:53:39.719Z"
  },
  {
    "id": "1752998459957",
    "senderName": "Safar",
    "email": "safarmurodmaster@gmail.com",
    "phone": "+998939530473",
    "message": "etreyuu",
    "type": "question",
    "createdAt": "2025-07-20T08:00:59.957Z"
  },
  {
    "id": "1752999196728",
    "senderName": "Safar",
    "email": "safarmurodmaster@gmail.com",
    "phone": "+998939530473",
    "message": "adsafdsghdgjfhg",
    "type": "question",
    "createdAt": "2025-07-20T08:13:16.728Z"
  },
  {
    "id": "1752999282879",
    "senderName": "hfhfdh",
    "email": "togoynazarabdimominov@gmail.com",
    "phone": "dd",
    "message": "sdfgjhjk",
    "type": "question",
    "createdAt": "2025-07-20T08:14:42.879Z"
  },
  {
    "id": "1753001303425",
    "senderName": "Safar",
    "email": "togoynazarabdimominov@gmail.com",
    "phone": "939530473",
    "message": "sfdgfhgjhk",
    "type": "question",
    "createdAt": "2025-07-20T08:48:23.426Z"
  },
  {
    "id": "1753001928732",
    "senderName": "Safar",
    "email": "safarmurodmaster@gmail.com",
    "phone": "+998939530473",
    "message": "wwdefgb",
    "type": "question",
    "createdAt": "2025-07-20T08:58:48.732Z"
  }
]